{"cameraMode":{"drawMode":0,"name":"Shaded","section":"Shading Mode"},"sceneLighting":true,"audioPlay":false,"sceneViewState":{"m_AlwaysRefresh":false,"showFog":true,"showSkybox":true,"showFlares":true,"showImageEffects":true,"showParticleSystems":true,"showVisualEffectGraphs":true,"m_FxEnabled":true},"in2DMode":false,"pivot":{"x":5.282172679901123,"y":-1.4878367185592652,"z":7.3426103591918949},"rotation":{"x":-0.10676001012325287,"y":-0.3798528015613556,"z":0.04418514296412468,"w":-0.9178125858306885},"size":13.409944534301758,"orthographic":false}